{
  "project_info": {
    "project_number": "387185076472",
    "project_id": "wewe-32d94",
    "storage_bucket": "wewe-32d94.firebasestorage.app"
  },
  "client": [
    {
      "client_info": {
        "mobilesdk_app_id": "1:387185076472:android:f136af4b5cf1a68605330d",
        "android_client_info": {
          "package_name": "com.example.fitmate"
        }
      },
      "oauth_client": [],
      "api_key": [
        {
          "current_key": "AIzaSyBMzqh0eWW4zyJ-geEzvZgys0dcNFTTG3U"
        }
      ],
      "services": {
        "appinvite_service": {
          "other_platform_oauth_client": []
        }
      }
    }
  ],
  "configuration_version": "1"
}